{
  "project_info": {
    "project_number": "548294996028",
    "project_id": "fir-db-application-b512e",
    "storage_bucket": "fir-db-application-b512e.firebasestorage.app"
  },
  "client": [
    {
      "client_info": {
        "mobilesdk_app_id": "1:548294996028:android:77188e09772f2fdebc1339",
        "android_client_info": {
          "package_name": "com.example.myapplication"
        }
      },
      "oauth_client": [],
      "api_key": [
        {
          "current_key": "AIzaSyAGgwgw_wWn4fCDglCRhAg7fKb5pEQocUE"
        }
      ],
      "services": {
        "appinvite_service": {
          "other_platform_oauth_client": []
        }
      }
    }
  ],
  "configuration_version": "1"
}